X,Y,Z
0.4967141530112327,1.6931060243154663,-5.41690721043359
-0.13826430117118466,0.1857882391140151,-0.6296240526998043
0.6476885381006925,1.3251922611614722,-4.371786743984397
1.5230298564080254,2.7225913239632638,-8.32175473670931
-0.23415337472333597,-0.11919509263987699,-0.5892220555572618
-0.23413695694918055,-0.2715312211874863,0.9212405172489282
1.5792128155073915,3.606022241028649,-10.817463985404835
0.7674347291529088,1.8524553591468023,-5.965910392974502
-0.4694743859349521,-0.41417241421023665,1.5721400768469125
0.5425600435859647,0.8175024813916454,-1.983722375361657
-0.46341769281246226,-0.26813835280776166,0.0006351262387979117
-0.46572975357025687,-0.832659704794314,2.1166167250998345
0.24196227156603412,1.521554979444701,-4.949236113227752
-1.913280244657798,-4.17115439836038,12.043511644526708
-1.7249178325130328,-2.5818537634434406,8.160298711296196
-0.5622875292409727,-1.0256196667506214,2.9799459308654623
-1.0128311203344238,-2.3513712424760715,6.921856306772909
0.3142473325952739,0.386551748163387,-2.1615864266935376
-0.9080240755212109,-1.976221805139582,6.246374430523359
-1.4123037013352915,-2.612524429469625,7.217944090982138
1.465648768921554,3.192715281860858,-9.54817953044941
-0.22577630048653566,-0.7384026029423608,2.3538962778061783
0.06752820468792384,0.12287911324535625,0.3116919581832568
-1.4247481862134568,-1.7783611931209817,4.680673379803389
-0.5443827245251827,-0.22499386400000965,-0.8347744859103837
0.11092258970986608,0.4400070142567482,-1.228096270393397
-1.1509935774223028,-2.2829854157605056,7.749211838036944
0.37569801834567196,0.8114117000504746,-1.8147619236817052
-0.600638689918805,-0.8945183934724017,2.7883848880545177
-0.2916937497932768,-1.0947837821857562,3.038533253741245
-0.6017066122293969,-1.3321014931704664,4.399865777830055
1.8522781845089378,2.870264332079081,-9.097566096089476
-0.013497224737933921,0.17261711182677178,-0.2796724508022057
-1.0577109289559004,-1.7918238880604302,5.628206743764604
0.822544912103189,1.403496593056691,-3.6803848254206333
-1.2208436499710222,-1.6546939182970282,6.343911774346624
0.2088635950047554,-0.19515564149165981,0.781674908064363
-1.9596701238797756,-4.651527687864461,13.700101250739634
-1.3281860488984305,-2.544146188516875,7.619651409454629
0.19686123586912352,0.9172716230443243,-3.6363528215775323
0.7384665799954104,2.318897005719755,-7.304047582703794
0.1713682811899705,0.11329443094547098,-0.5445245118929649
-0.11564828238824053,0.3080438519391667,-1.1861757547847964
-0.3011036955892888,-0.6214616259289312,1.9405623138036545
-1.4785219903674274,-3.0433576307052648,8.718862925924695
-0.7198442083947086,-0.997858448046081,3.554090677800479
-0.4606387709597875,-0.5951161027128652,1.785451840597694
1.0571222262189157,1.3260483739457067,-3.9827952824064274
0.3436182895684614,1.4255067539998707,-4.4404676202560704
-1.763040155362734,-2.8360346336517424,8.585699242884717
0.324083969394795,0.3353865880348253,-0.5936106317706586
-0.38508228041631654,-0.5722627941139286,1.2832232744863354
-0.6769220003059587,-1.106828907470548,2.991428477874016
0.6116762888408679,1.3536894605936893,-4.2129313961694
1.030999522495951,1.7868464680691918,-6.033474865944182
0.9312801191161986,1.5267485542633714,-4.989874592650863
-0.8392175232226385,-1.6912120819409997,4.83552580905067
-0.3092123758512146,-0.032060242072746825,0.5333753165746042
0.33126343140356396,0.9343269401043441,-2.67170015581207
0.9755451271223592,1.7657830882016654,-5.200554308921224
-0.47917423784528995,-0.5724991203664076,2.142946342183209
-0.18565897666381712,-1.795589263642672,5.318081896728318
-1.1063349740060282,-1.6382870978260047,5.110093718442458
-1.1962066240806708,-3.2622701375503915,9.735199536184927
0.812525822394198,1.44383117408683,-4.198812347560676
1.356240028570823,2.152645109828574,-6.749314658291512
-0.07201012158033385,-0.7913609810211206,1.1546743639251476
1.0035328978920242,2.5874791894733082,-7.829577149513077
0.36163602504763415,0.48942144943932264,-0.7568902802679978
-0.6451197546051243,-1.1169875683448907,3.814070406155468
0.36139560550841393,0.6993309215772359,-1.6152940224361225
1.5380365664659692,3.3145935465434992,-9.325715278727388
-0.03582603910995154,-0.033241132689775396,0.1440521935500449
1.5646436558140062,2.487791199533728,-7.364715744898386
-2.6197451040897444,-4.741356798455919,13.915244447650583
0.8219025043752238,1.3969267171697914,-4.348816579522899
0.08704706823817122,-0.6041968128535331,2.12047601344617
-0.29900735046586746,-0.8120722814146912,3.038159062828482
0.0917607765355023,0.93390144838816,-2.8714274830049797
-1.9875689146008928,-3.550026958145039,10.424986242009412
-0.21967188783751193,-0.6136698428789534,1.8412735080651588
0.3571125715117464,0.5395962908642784,-1.318185498128278
1.477894044741516,2.7949705638743407,-9.106839099689793
-0.5182702182736474,0.0018335552331256721,-1.153591142267996
-0.8084936028931876,-1.4260194796705985,4.002790014266004
-0.5017570435845365,-0.7884932635735382,1.7551235777635354
0.9154021177020741,2.3459459624200694,-7.291907986083864
0.32875110965968446,0.7768967988326256,-2.4045805559066125
-0.5297602037670388,-1.1890414804444291,3.340500236821781
0.5132674331133561,0.9283599416842231,-2.0588460578172967
0.09707754934804039,0.1583544689890488,-0.3116910246659864
0.9686449905328892,1.9186788628108575,-5.605799408627159
-0.7020530938773524,-1.0402914159362149,3.4319778198303452
-0.3276621465977682,-0.6293513502918867,1.3186374919852755
-0.39210815313215763,-0.41789626765652566,1.7732446966797113
-1.4635149481321186,-2.9673881863185283,8.864282415687855
0.29612027706457605,0.6315581492871974,-1.5594341392409863
0.26105527217988933,-0.47698979790627516,0.8950407771987478
0.00511345664246089,0.4683907506361625,-2.1820516349165198
-0.23458713337514692,-0.2959300288012975,1.2967349154164067
-1.4153707420504142,-2.3317364291710025,7.183414050561766
-0.42064532276535904,-2.2894183346275625,6.417229226703932
-0.3427145165267695,0.3587583193368248,-1.5111064986478215
-0.8022772692216189,-1.6743493525208246,5.585765449769859
-0.16128571166600914,0.23151998503673998,-1.2892659015438839
0.4040508568145384,0.28814875006631135,-0.04310977357095236
1.8861859012105302,4.078758754952346,-12.68658663218097
0.17457781283183896,-0.17755215592315016,0.851852430573642
0.25755039072276437,0.20321630109762617,-0.7739581411673708
-0.07444591576616721,0.8081238454010586,-2.1227778206620043
-1.9187712152990415,-3.9328836309797564,11.526593891882174
-0.026513875449216878,0.05568868569142768,-0.24846251011043013
0.06023020994102644,0.55549428522643,-1.6460232679814293
2.463242112485286,5.174325168956875,-16.02406923476136
-0.19236096478112252,-0.3095124769904568,1.2989496036814334
0.30154734233361247,0.7855751859003377,-2.613332340936806
-0.03471176970524331,1.1322842532086508,-3.511152717295962
-1.168678037619532,-2.366165473755857,6.601321733963315
1.1428228145150205,2.3861951523875247,-8.439752286560228
0.7519330326867741,2.0291932633773544,-6.183093671432148
0.7910319470430469,2.1348268605650857,-5.198172870888799
-0.9093874547947389,-1.2252597568092878,4.068081414376875
1.4027943109360992,3.124953732886791,-9.38449138852757
-1.4018510627922809,-3.3752045819498036,9.994168331245277
0.5868570938002703,1.9904299537510886,-5.960056914847242
2.1904556258099785,3.807738555110613,-11.149656107744233
-0.9905363251306883,-1.8297549176418602,4.898858345271158
-0.5662977296027719,-1.5097333842152227,5.086360999980104
0.09965136508764122,0.16723355687878616,-0.14401001291573645
-0.5034756541161992,-0.8425701030806583,2.8868031720959424
-1.5506634310661327,-2.9406482544071286,9.04118263262625
0.06856297480602733,0.348086326729697,-1.0344506513420961
-1.0623037137261049,-1.3177517929228864,4.289685996752069
0.4735924306351816,1.173952012027353,-3.2259489692113696
-0.9194242342338032,-1.9609267861129307,5.70576000286828
1.5499344050175394,3.5819123941792577,-11.032538068986224
-0.7832532923362371,-0.9717713402101539,2.9662421682614553
-0.3220615162056756,-1.2579269399798474,4.548290895687136
0.8135172173696698,1.9257344696642686,-6.396756946819757
-1.2308643164339552,-2.111142261712461,5.599664152261163
0.22745993460412942,0.30613811752826287,-0.8360339319665302
1.307142754282428,3.3021389152206657,-9.880972894733988
-1.6074832345612275,-3.2899942626387184,9.95665362010136
0.1846338585323042,0.43205594380037954,-1.1741912324468886
0.25988279424842353,0.4332296763549123,-1.4112901563821392
0.7818228717773104,1.5714352673453544,-3.9693740827350226
-1.236950710878082,-3.0220389652037647,8.265664906373036
-1.3204566130842763,-3.3609386674656996,9.668567490006975
0.5219415656168976,1.8411356628462814,-5.575034368613368
0.29698467323318606,0.1704886723072082,-1.3330604224987082
0.25049285034587654,0.005289525963599495,-0.10379578010683407
0.3464482094969757,-0.383798637807906,1.9821309962877272
-0.6800247215784908,-1.6795303170017326,5.049034195153178
0.23225369716100355,-0.19703750238174206,0.7064629600045679
0.29307247329868125,1.4071525266655471,-4.851539962582932
-0.7143514180263678,-0.9237942913814186,2.463202170124517
1.8657745111447566,3.387473849700651,-10.350019739263923
0.4738329209117875,2.0738837444957294,-6.380508781865306
-1.1913034972026486,-1.8917242509095,6.315994650230384
0.6565536086338297,1.1506915255133483,-3.1732290461774824
-0.9746816702273214,-3.1990661978914297,9.041469615205774
0.787084603742452,2.719640493780275,-8.035669092124822
1.158595579007404,1.6224049246330101,-4.618103899650638
-0.8206823183517105,-2.464064010181867,7.962266549806235
0.9633761292443218,2.4380374744934636,-6.5238420801962045
0.4127809269364983,2.045438057042633,-6.643861267041834
0.82206015999449,2.336256729244239,-7.414198943337886
1.8967929826539474,4.075540525334074,-12.855410505459531
-0.2453881160028705,-0.19339906117309802,0.4631872539658034
-0.7537361643574896,-1.0807645493248252,3.4754728351976434
-0.8895144296255233,-1.399564564357664,4.692360951367542
-0.8158102849654383,-1.4910248579461887,4.435099062017305
-0.0771017094141042,-0.10210286685227037,0.1463848389293891
0.3411519748166439,0.6510073856835266,-1.8771431609262095
0.27669079933001905,0.17639930422669997,-0.9467693634951113
0.8271832490360238,1.5140289596386607,-3.4973175180685954
0.01300189187790702,-0.8204746233418787,1.657593356466607
1.4535340771573169,2.857898340917259,-8.481324733303914
-0.2646568332379561,-1.023609220051371,4.082630769768932
2.720169166589619,4.888543674571352,-14.662231101434058
0.6256673477650062,1.3412817711067517,-4.118864830821002
-0.8571575564162826,-1.0183139696602654,2.876219197575583
-1.0708924980611123,-1.682626693121068,4.957684238482
0.4824724152431853,0.17969452867478208,0.14734065131391882
-0.2234627853258509,-0.9417396389368706,1.7192879611458585
0.714000494092092,1.898386582178292,-4.928442895886713
0.47323762457354485,0.4552315523779349,-2.077673233358877
-0.07282891265687277,-0.2579744003122578,0.6405970363195661
-0.846793718068405,-1.4185613866245341,4.041061949724272
-1.5148472246858646,-3.5138666768035467,10.835876665296
-0.4465149520670211,-0.8403421510610622,1.7219642772413133
0.8563987943234723,1.0457848411878423,-2.9062681905225554
0.21409374413020396,0.1275036662848011,0.6296438127890229
-1.245738778711988,-2.3315865903527078,6.313172768761718
0.173180925851182,-0.45013501506347064,1.4452581289956097
0.3853173797288368,0.9908721284378731,-3.3036074742119235
-0.883857436201133,-1.7775337718656066,5.545544918693338
0.1537251059455279,0.5836951890996297,-1.741511678591013
0.058208718445999896,0.2283745039243305,-1.0058669662951463
-1.142970297830623,-1.6038703806743242,5.055547284458509
0.3577873603482833,0.7781869720205202,-1.432386861168189
0.5607845263682344,0.9068662821738422,-2.8160507423851757
1.083051243175277,2.227251237866696,-6.321874742525997
1.053802052034903,2.3792531185879997,-7.7843958346995805
-1.377669367957091,-2.7309087007513297,7.714507913844985
-0.9378250399151228,-1.8553542342283045,5.802265841625102
0.5150352672086598,0.6790746905139419,-1.295166057273843
0.5137859509122088,0.6961214430489435,-1.9105576547540006
0.5150476863060479,0.32879273671224907,-1.1429072253983243
3.852731490654721,8.580251352902913,-25.74110835599706
0.570890510693167,0.5198494036906914,-2.184752078056933
1.135565640180599,1.9246786814632442,-5.471778381212049
0.9540017634932023,1.548799894201806,-4.205233151443713
0.651391251305798,1.7502446910838168,-5.476779239667991
-0.3152692446403456,-0.7780133284267051,2.0990189114003646
0.7589692204932674,2.1418094773234015,-6.29248931714418
-0.7728252145375718,-1.8823957411970778,5.428827355570935
-0.23681860674000887,-0.3341401323681168,0.9693540897914391
-0.48536354782910346,-1.3884006222880856,5.2150627614475145
0.08187413938632256,1.2363228426593393,-3.8324813783510168
2.3146585666735087,4.035517923832261,-12.285723847507393
-1.867265192591748,-3.5796200300699823,10.415089187392367
0.6862601903745135,1.6894088212150762,-4.6961304778952595
-1.6127158711896517,-3.018532193653554,8.964984494351611
-0.47193186578943347,-1.036507561017721,2.78483616389245
1.088950596967366,2.112990844068019,-5.678320516067551
0.06428001909546277,0.15046577418048035,0.25840417971537755
-1.0777447779293061,-2.2289905566728567,6.386759887149218
-0.7153037092599682,-0.9486678601224816,1.9127336046871366
0.6795977489346758,2.4644569986650273,-6.889614151076621
-0.7303666317171367,-1.7394791559381901,4.876122554934569
0.21645858958197486,-0.2519843106255892,1.1512657314581518
0.045571839903813784,0.04700265563200016,-1.1260598757519182
-0.6516003476058171,-0.013346026384474907,0.4863367483030793
2.1439440893253257,3.886050894665786,-12.263738648637748
0.6339190223180112,2.0873964473580564,-5.896807282540907
-2.025142586657607,-3.211434766276994,9.641440832749199
0.18645431476942764,0.09611450868485799,-0.7653132357528964
-0.661786464768388,-1.0390813899441382,2.9137260133690246
0.852433334796224,2.519064981156717,-7.214035714991801
-0.7925207384327007,-1.7746053473591448,5.376763268635051
-0.11473644146689901,-0.33126306298497893,1.285995679191179
0.5049872789804571,0.7191341009865924,-1.1691820107020343
0.8657551941701215,1.2241320229938095,-4.454516874836954
-1.2002964070557762,-2.725231586644556,8.98430104741798
-0.3345012358409484,-1.280972605063025,3.8950957839506817
-0.4749453111609562,-0.9328488881922993,2.3491546404153336
-0.6533292325737119,-1.6916450806767447,4.409778429160739
1.7654542402810969,3.6478014364575677,-11.03796450476122
0.40498171096095553,0.03201559882009741,0.36477825950193743
-1.2608839543350452,-2.356327792562862,7.005208817499819
0.9178619470547761,2.2524883749140145,-6.001887659618371
2.1221561970126332,3.2474445727395387,-10.467921563244396
1.0324652605511468,2.25195880602608,-6.761920892001267
-1.5193699659540134,-2.4249054356713806,6.648519584807582
-0.48423407286625136,-1.5732886550781053,4.9016819065468
1.2669111491866227,3.370108491792097,-9.66688178032764
-0.7076694656187807,-1.2058294265545388,3.40710738282309
0.44381942814622843,0.5351329284132524,-2.9075057135533244
0.7746340534293368,1.5213835680298204,-4.464676630691214
-0.926930471578083,-1.5746974868953048,4.942461736552668
-0.05952535606180008,-0.08104801641739441,0.44529142673303207
-3.2412673400690726,-6.213156683914961,19.25736114765596
-1.0243876413342898,-2.5091120792082626,6.991809397800263
-0.2525681513931603,-0.4204558907682816,1.6014757250300695
-1.2477831819648495,-3.202423612382189,10.203524593385554
1.6324113039316352,3.20920957718892,-10.516922523570019
-1.4301413779606327,-3.3122365766536603,10.09653564292047
-0.44004448669698376,-1.2478539446888508,3.4914719185627168
0.13074057728609134,0.8795277421774014,-2.6793445630830273
1.4412732890661155,3.4282016384293654,-10.110766673518928
-1.4358621511794394,-2.56715524190529,7.457851443659094
1.1631637521549596,1.7801711219736296,-5.678367405501695
0.010233061019587049,-0.13773810280822685,0.4302905171686928
-0.9815086510479509,-1.3564684521063102,3.525782386887529
0.46210347426327075,0.9950654053464939,-3.528108780482074
0.19905969557347003,1.5577841611377872,-4.33366584193511
-0.6002168771587947,-1.0037748346204034,2.436927486281882
0.06980208499001891,0.23562872822505362,-0.3737299342205549
-0.3853135968617602,-0.9251854258247711,3.0068519239012894
0.11351734525124804,0.29380514289363724,-1.74431879307621
0.6621306745210467,1.2480264308518214,-4.0828616187232925
1.586016816145352,3.5260879706349995,-9.981209210381312
-1.237815498826849,-1.997279839256406,5.501256752199377
2.1330333746562666,3.8730720190585584,-11.851418188330369
-1.9520877995225019,-4.569792075823893,13.940406674097625
-0.15178509503558332,-1.2216728766228149,4.056713884509742
0.5883172064845765,1.430630076425425,-4.417659672298523
0.28099186773503265,0.0103004323831285,-0.3296563944952063
-0.6226995198205938,-2.321844336117429,7.6767179392015406
-0.20812225035727522,-0.22195519844906839,1.5353154272459946
-0.4930009346588328,0.26049788939872964,-0.2920646428052912
-0.5893647569442115,-1.1817649696583696,3.5879539802576206
0.8496020970210246,2.1184495812678703,-6.759481604624074
0.35701548596504734,0.7549456512038772,-2.6800591568899144
-0.6929095952606542,-1.4352640171168798,4.567049103983519
0.8995998754332507,2.258737992360386,-6.567014866636816
0.30729952087660933,0.46946176965889297,-0.7075860125034642
0.8128621188389601,1.7594203947138716,-4.953036137873545
0.6296288419236122,1.4201065869452312,-5.011859911715603
-0.8289950109220723,-1.992035248665669,6.502079554858466
-0.5601810401969696,-0.6243409056256777,1.3739924032198265
0.7472936051232618,1.4071073318988194,-4.413307631672634
0.6103702654334648,0.8428679511205073,-2.4035037502356746
-0.020901593964148132,0.2264517338569055,0.3184785433212657
0.117327383308782,-0.21457922427795464,2.1986969508365446
1.277664895788425,2.569420370261414,-7.404899581216151
-0.5915713888358299,-1.1877022759937617,3.471508518621091
0.5470973811700379,1.6371425452558648,-4.64417481152732
-0.20219265243389406,-0.16703618842781173,0.9449362782203532
-0.2176812032272203,-0.44787588582701254,1.183293844702442
1.09877685198719,2.606436853574524,-6.921704882767411
0.8254163489880298,2.3459364724847163,-6.9227740378584475
0.8135096360006385,1.9059244251772083,-5.4689017309859285
1.305478807154329,2.6161339242303483,-7.515439646663814
0.02100384163275905,-0.6139104329095617,2.052524604035913
0.6819529712949639,0.8313491110522415,-2.0745770829219183
-0.31026675659345604,-0.7731458653642459,2.010811002819276
0.3241663524884421,0.34357660389724265,-1.3098806886647434
-0.13014305436768459,-0.3537717602280922,0.5112381641984293
0.09699596499271819,0.22231689243398997,-0.4472000619918567
0.5951570254369136,1.4551604280521926,-3.9760130324005214
-0.8182206832334725,-1.6716907554964906,5.2439586995654155
2.0923872756854602,4.428025373284021,-12.446829903178294
-1.006017381499702,-1.979797555594344,5.936594657368508
-1.2141886127877322,-3.4161105087524,10.582702354053456
1.1581108735000678,1.8465540500907585,-6.085512588341933
0.7916626939629359,1.5112816100650641,-4.7273946814323935
0.6241198170521551,0.6433922626837565,-1.5824079092683807
0.6283455092642799,1.556655383526662,-4.245415095208414
-0.012246772846914623,0.7408818704780195,-2.3696290852661495
-0.8972543714858315,-1.1851278171230049,3.519583825439981
0.07580455819372633,0.04488768092234867,-0.8935999161074507
-0.6771617115121117,-0.6089603545992474,1.6483664633944373
0.9751197334177512,2.0245731954365582,-5.628528004549782
-0.14705738150213865,-0.462657748563297,1.6755757537431741
-0.8254971967925115,-1.957695725355493,6.123420036757084
-0.32138584165299344,-0.7940065265500511,2.4069064232406334
0.41293145427562433,0.6317744992806342,-1.8917919185278145
-0.5637245528039747,-1.0422409944202056,2.7965624135238936
-0.8222203955664315,-1.5641538006079305,5.041875611925059
0.2436872114919123,0.48889743306053185,-1.2562058269869008
0.24496657110872277,0.7084022270906205,-1.8791972572754618
-0.5069431753711298,-0.41856321334908886,0.9926722187134764
-0.4710383056183228,-0.4672995435159837,0.32522717061232886
0.2320499373576363,-0.27834910950967917,1.3836236844058853
-1.4480843414973241,-4.173129250445625,12.279969023332674
-1.4074637743765552,-2.3477675931334736,6.61191489737886
-0.718444221252436,-2.1203277917125827,6.7077228310947445
-0.21344715171184725,-0.5392770043700362,1.421824693150544
0.3109075655980046,0.036758618166329415,0.41969233752432267
1.475356216949552,2.049722215109094,-5.840663670538934
0.8576596232020194,1.9860506105064328,-5.61636716991906
-0.1599385299634271,0.0597005202244692,-0.8620794162736747
-0.01901620790268883,-0.32628761616873736,1.5848348411994122
-1.0025293646378088,-3.3005798753480726,10.032364891661146
-0.01851313599238993,-0.31014849611102124,0.7458069187099622
-0.2886586389201383,-0.3814152751390034,1.2159400590881357
0.3227185603380895,-0.09401866371088541,-0.6060616253165038
-0.827230943552323,-1.562781927215068,4.892672187385539
0.5193465142411723,1.0310381038958467,-3.607800065778576
1.5327389130025777,3.3551235758056994,-10.741705870338865
-0.1087601484568576,-0.15773011270663856,-0.2879892549890299
0.40171172209894146,0.3168889737571052,-0.39432273377635285
0.6901439917111125,1.9785737342544707,-6.250352899609807
-0.40122047188583626,-0.8817057302851575,3.4119810458137225
0.22409248181041677,0.4345326938658676,-1.571498813123752
0.01259240078179486,-0.4414491779730083,0.47066855512255157
0.09767609854883172,-0.026288928498091724,-0.4793954344800544
-0.7730097838554665,-1.9884209247243834,6.583168584176619
0.024510174258942714,-0.03745268144382607,0.034408955363144436
0.49799829124544975,1.8518508225620711,-5.829696115931514
1.4511436077950417,2.2163366441244055,-6.569000819446822
0.9592708260852069,1.1117609532320432,-3.084391491612357
2.1531824575115563,5.041950078769917,-14.56715082835852
-0.7673475628880495,-1.639356964352032,5.642320508002559
0.8723206367206782,1.410104904111398,-4.410199035228737
0.18334200573835174,0.8866363551747417,-3.322932908565244
2.1898029332176723,4.076798096566913,-12.437126870262377
-0.8082982853551515,-0.7035917139368348,2.240915395101948
-0.8397218421807761,-1.3404807486919177,3.5395627829704477
-0.5993926454440222,-1.4427409949608956,3.8496475274351654
-2.123895724309807,-3.169137341986862,9.67930596673553
-0.525755021680761,-1.3543675048631914,4.0387763388043485
-0.759132661553698,-1.1472176371027425,3.4580514090140206
0.15039378647620763,0.45043386315566125,-1.7305492568170184
0.34175597577715944,1.334382596253718,-4.118348145864037
1.8761708392158862,4.533097276795199,-14.061408402519747
0.9504238381860503,1.9168497509049838,-5.305450047152558
-0.5769036556624031,-1.5305162464978979,5.10917340685557
-0.898414671348358,-1.5668432712271576,3.777435882562426
0.4919191715065057,0.6449806581369584,-2.39969740450708
-1.3202332070206422,-1.6337727902779728,4.153053743288878
1.8314587658543537,3.7311851972500762,-11.518567558953679
1.179440120721287,2.1762194657865197,-6.570377382254739
-0.4691756521047048,-0.8460111512769554,1.8132108439816013
-1.7131345290908775,-4.099832202946603,11.838566702277152
1.3538723741654128,2.2219377290755,-7.167791873267249
-0.11453984525261789,0.3711272634669769,-1.0097481257014587
1.2378163119734618,2.1471854844612257,-6.406884284865552
-1.594427658794367,-3.712310808929704,10.776063650120486
-0.5993750229537729,-0.9304236696439027,2.879681445001407
0.005243699718183166,0.6033394767678648,-2.083358472597227
0.046980593764742055,0.4534378428620175,-1.496141083749079
-0.45006547147924364,-0.4021071000555791,2.0430473453160056
0.6228499323474987,0.8673023204102671,-1.9316764353356273
-1.0676204293825944,-2.8461461921361106,7.888647957944533
-0.1423794850212935,0.4659078559351564,-0.9828573588658819
0.12029563171189886,0.07925134400272985,0.1679442452376065
0.514438834058749,0.9034611598899743,-3.2845151240462322
0.7116148780888898,2.0873268271023084,-5.852591659429495
-1.1246420918378692,-1.9711691789754084,6.682473496132502
-1.5341141707356223,-2.840284455430441,7.959580963169117
1.277676821898509,3.63785481624756,-11.372315859249811
0.33231401197959165,0.3428689087691118,-0.5197759928855843
-0.7484865365565536,-1.0330530090724888,3.23490668263029
1.551151975522523,3.130810513493588,-9.116693402861003
0.11567463429285867,0.3656454080173458,-0.926641615851789
1.1792971840638264,3.122828581333919,-9.173137783537683
0.06751848141010895,0.38895484096502975,-1.8301005870506308
2.060747924881987,4.390643889288791,-12.648272814555648
1.7553408424432044,4.0469353535413095,-11.556011064410042
-0.2489641484790735,-0.6804046617295897,1.9265186131547554
0.9715709509543554,1.5235370682392078,-4.592349679624555
0.6453759495851475,0.7683473021597783,-3.070595657757196
1.3686315575323487,1.7540848203766966,-5.005127083121172
-0.9649234605801045,-0.9017433561900479,2.991258789427216
0.6860514599984393,0.820498737136037,-2.4925917199077663
1.0584244868495878,2.0062221619062894,-5.456489805783617
-1.7587394864231143,-3.655885622790689,10.800618252882098
-1.183258512665775,-2.212813676427,6.920743992227799
-2.0392321777601006,-3.6705957492505528,10.5019550784056
-0.26940683444455776,-0.10857692470924285,0.3139546986906095
0.7175422557959623,1.1435457923074555,-3.517814505873784
1.502357052096028,2.9211532472988506,-8.650805780876082
0.07409478041977519,0.2894795360837002,-1.05320207266778
1.6286155455712918,3.13288552805081,-9.464392881988264
-1.3801014582148914,-1.9565301284197865,6.282613970980112
-1.7033824393551547,-3.1612774028911836,9.265450090054442
-0.05554769889661878,0.25634349523167116,-1.572319036064353
0.3840654489393073,1.099571532212321,-2.4239226445342528
-0.03269474809409311,0.5213474325544762,-0.8733152583181855
-2.0674421000398766,-4.0443734207279,11.486988914630889
-0.08912003951278841,-0.8266560530035001,2.8248220616330975
-1.3044695005048532,-2.409095025133386,6.975797690124486
0.6696725488300385,1.0136666507641623,-2.9092563446269573
0.36659824609684827,0.4688881513188181,-1.2595523894497074
-0.9398797863273552,-1.586577563277164,4.642528789673331
-0.5138669173366935,-0.40859229895656923,0.8338940640765093
-1.0592135218889516,-2.107791255409872,5.978103240071487
-0.06267909727317188,0.02905831175313814,-0.5452708930000356
0.9551423205012383,2.7613921133200954,-8.700087444075509
-0.9857260463355437,-1.8510755029268033,5.5196373637557326
0.5040465155178444,2.3089345881258865,-7.284683758933035
-0.5302576183724408,-0.7777604139291094,2.6743072746436383
-0.7928728322623442,-2.4661270441025973,8.142004209975756
-0.10703035995455783,0.1626100906431506,-0.7778568926144733
-1.035242322419374,-1.8799054523973593,5.759418607459766
-0.553649305347182,-0.4624222336529913,1.6371092561104408
-1.1978778925888485,-2.0591651095427177,6.41349646408779
1.9647251329163893,3.8602222738408916,-11.542689187564632
0.03526355197172861,-0.5416220142012257,1.996207251783538
-0.6997255079925856,-1.5039626446281837,4.75301241022488
0.213979910734222,0.0026995943637939668,-0.6269299942550308
-0.11232804969082982,-0.514917824284021,1.9793315050466995
-0.22096959953322298,-0.14764999685614116,0.8865954092017945
0.6141667000434252,2.063285652262554,-6.571500008876952
0.7575077100473051,1.7123511850061008,-5.118084637294501
-0.5305011476105275,-1.6589438262386471,5.318495975121476
-0.57581824064468,-0.9293351471792897,2.683348531748188
-0.275051697151644,0.048212349019537526,0.3918519768243933
-2.301921164735585,-4.908733781630861,15.908137592202264
-1.5151910621985523,-3.097390707733563,8.899179106883198
1.3668742674445247,2.7410926322536477,-8.913800198337832
1.6449677135012837,2.8974862704614472,-8.540549513581903
-0.24903603955637832,-0.17393186219082712,0.8825768391355531
0.5765569630557664,1.0926398518076421,-3.3933527423453107
0.3112501545435361,0.8322665310405861,-1.770169261461241
3.0788808084552377,5.714015528009425,-17.8113494838899
1.1195749114345768,2.0204206727074485,-5.71480270660654
-0.12791759148076653,0.1053554959523526,-0.6189968982365045
-0.9555404406004258,-2.097497457246735,7.152181324843853
-1.6064463202575725,-2.3494107148984424,8.044489821279386
0.2034636358672231,0.20710917892714503,-1.004655830673109
-0.7563507452843033,-1.4003591276926637,3.926298815123701
-1.4222537095976742,-2.3782120032588034,7.564429953266311
-0.6465728842425266,-2.002328634951569,5.813420579959949
-1.081548003614395,-3.043500413219178,9.107795630691415
1.6871416350725648,2.611455112860082,-7.821671128309042
0.8816397569494505,2.394571565612492,-8.143551274936303
-0.007972641316617372,-0.2918743555794581,0.8687041936912558
1.4799441388900259,4.238987920614178,-13.061827648874619
0.0773683076476183,-0.1273871840334577,0.13560014090048705
-0.8612842013282637,-1.6302927510580087,5.612694254908433
1.5231240772696573,3.8173031308232526,-12.080162839609386
0.5389100436846587,2.080866531448879,-5.8359970009726485
-1.0372461543264564,-1.0437405203347139,2.9917400958382374
-0.1903386780836082,0.22350575912935483,-0.8103973616359818
-0.8756182533847572,-1.239205243863783,4.112801679617204
-1.382799730964336,-2.4693359873280807,7.5780336092686875
0.9261775475316414,2.2415356331466016,-6.43930040083004
1.9094166404701305,3.543240422775994,-10.145628938061552
-1.3985675738191412,-3.206234589349436,9.453049576456648
0.5629692366905709,1.1242512446756656,-3.678872101280872
-0.6506425691218269,-1.386377449506118,3.6165570852394553
-0.48712538376469605,-1.2008647921930298,3.189889111589612
-0.5923939242388692,-0.8365941247493807,3.984329586902505
-0.863990769679816,-1.2503289350743767,4.373326595591523
0.04852162794482699,0.14124669903557766,-1.0992772802107438
-0.8309501164110378,-0.9231351922944446,2.108176598511549
0.2704568257798388,-0.02993090550707489,0.33072574738047045
-0.05023810944913695,-0.19730594853813296,0.8655502443033823
-0.23894804686640975,-0.836307254034222,2.7833636797613486
-0.9075636620415979,-2.748395632619726,8.117709001082329
-0.5767713305683327,-1.1948830040580152,3.5219218821725953
0.755391225825756,1.4499086974598703,-4.1857863302999325
0.5009171876243808,1.758559246869827,-5.232731237462816
-0.977555244798551,-1.6397046473197134,3.809463755585373
0.09933230542922587,-0.3134288013061507,0.8253865886308551
0.751387123371789,2.429820529910672,-7.715164806862173
-1.6694052811213718,-2.728293714480067,8.272486852894456
0.543360192379935,1.377769236494178,-2.6406782081808293
-0.6626237589458467,-1.4384895673166094,4.4992095346869805
0.5705986685931593,0.6614777188245788,-2.1411979995599353
-0.7632591565425169,-1.7126217011205602,5.598765854350307
-1.804882100664519,-3.0653898914769453,9.437513618035442
-1.6275424378831627,-2.312791722799021,7.148422413622983
0.048084946661381994,0.8677916574588584,-2.29994967576874
0.25972250172148187,0.2750202925498267,0.20321090476529058
-0.9043166251044086,-2.3684419668533225,6.539881682897009
0.6385924587773739,1.3476280410103498,-3.806068084625322
-1.6615200622689599,-4.207259807319345,12.158588856967265
-0.06607979864731657,0.02942425979775759,0.18948354377785137
-1.2110161997624567,-2.4958336926742475,7.028157822279695
-0.6518361078021592,-1.5366904665384395,4.401387992812776
0.047398671316414016,-0.7025541910005697,1.960117615882756
-0.8604133652839524,-1.4640266772830466,4.879988391521494
-0.38455554422982535,-1.0354615082906065,3.565611746843026
1.0062928092144405,1.427627200573737,-4.905740289944403
-0.5768918695231487,-2.5899148456871224,7.7972115925612915
0.8356921120651418,1.6576267716049655,-5.327670242189483
-1.129706854657618,-1.3732879109803642,3.490611277603425
0.5298041779152828,1.8902379631045005,-5.779222414525687
1.4415686206579004,2.6545891130226646,-8.118008733295904
-2.4716445001272893,-5.244395030435469,16.946543334479166
-0.7968952554704768,-1.3594033829034418,4.294690061390673
0.57707212718054,0.6549515347669344,-2.6536633546779216
-0.2030453860429927,-0.2551948221762524,0.4831974644432861
0.37114587337130883,1.1253318859349628,-2.865304010090189
-0.6039851867158206,-0.5945037614894874,2.8277326709034245
0.08658978747289992,0.12310253670582344,-1.1622992662364495
-0.15567723539207948,-0.4131913458726419,0.2996118450484031
1.1677820616598074,1.8965728299413342,-4.754235902138111
0.2544208433012131,0.09540150958249621,-0.0913974400620367
0.3376026620752022,0.561965878199641,-2.1200440005371064
-0.4118769661224674,-0.6400711788368457,2.187528079571755
-0.48760622407249354,-0.5184201350283624,0.23738653557664824
-0.4325581878196209,-1.2667058509794142,3.8018053062368233
0.39445214237829684,1.5352485692363547,-4.441835121287521
-0.42098448082026296,-0.9775307621618103,3.394727356254346
0.2897748568964129,0.5688660666186077,-2.213546176002092
2.075400798645439,3.777195757716966,-11.288743692449218
0.8711247034316923,0.5301292767269139,-2.0531001432105356
-0.32602353216784113,-0.2100243661551574,0.7577649763026307
1.2012139221639448,2.7708497928741065,-8.760222539803832
-0.4080753730215514,-0.9568145246022095,2.6663931542265185
-2.038124535177854,-4.042753711743272,11.630353437834701
-1.008086310917404,-1.7582030129827584,5.600177159860104
-1.8707919210258557,-4.5228567704949825,13.997795869813281
-0.35151348404130867,-0.9675533067557647,2.785349635288587
0.0184183791895517,0.43396909819001694,-1.2827882970900368
1.6764373122752827,2.7257299129659405,-8.901485446214593
0.32692737376416264,0.8006337136116399,-2.551739464838313
-0.21910052880886424,-1.116491959929431,3.3243735712674205
0.8294055811834892,1.8920261535837415,-4.3656819152362365
-2.211135309007885,-4.440091359164512,12.764290564606455
0.23561455810856594,-0.33633679173562286,1.7410989945830875
0.7708651938869668,2.1241000650025192,-5.873870808274654
-1.4785862457798415,-3.3244682799587078,10.11372304212119
1.143754043206929,1.8823818679066677,-4.767835361622437
0.3384964074944141,0.7772774136042997,-2.145779504509467
-0.4152879139008013,-0.25625715308724495,0.9633510570956992
0.6327818661062848,0.7576528227233712,-2.299518794678886
2.270692857804396,4.5722256405327775,-13.104892480389017
0.18186625505849516,0.5781407602822768,-1.1861876639413884
0.24822058630033608,0.8429939762322443,-2.841820572444839
-0.4593608995402441,-0.8305010214418757,1.8318794670262433
-0.8498443694647918,-1.8832026584712447,5.548117656715906
0.8303358165442456,1.2468765227641314,-4.140648850491218
-0.8560838259088672,-1.6690957102945472,4.975524843575964
0.07156623721939247,-0.3929370315540185,1.7975301620041253
-0.4776574467651167,-2.415990135277537,7.019319578289216
0.47897982574639186,1.1762395535716177,-3.5501303513706404
0.3336621052869483,1.1192916311169943,-3.3288635259467854
1.0375399442578992,0.8936136707448792,-2.256625571131995
-0.510016398854747,-1.524898150064463,3.451249783201087
-0.26987493529337125,-0.23017274008414362,0.38716807286978255
-0.9787637157823074,-0.9287796967087654,2.8919809362660325
-0.4442932600761116,-0.8781896663145192,3.2346084771569883
0.3773004930448522,0.39059951547513716,-1.417749770178514
0.7569886166453519,1.4225290127382837,-5.205863391235788
-0.9221653241776254,-1.1568924387811585,3.780533039326544
0.8696059201056602,1.4162297506490527,-4.566370446359973
1.355637858804951,2.311679714284775,-7.529872472399506
0.41343490322370086,0.5854980453563855,-2.0686668309257685
1.876795812558066,3.2769273209867755,-9.923044641788252
-0.773789199103573,-1.4862432402097483,4.156357388360139
-1.244654703311417,-1.6769701773880539,3.9281275036146273
-1.7787202489042786,-3.3959008612505426,10.636235682195194
1.496044311489183,2.8659118719152223,-7.960298095106305
0.6543656563540577,1.1628256782503434,-3.1627160390812774
-0.05558467091045507,-0.8927647461692386,2.109451403295308
0.2799686263198203,1.00149214121322,-3.105222190613419
-1.1254890472983765,-2.289896693103154,6.8664294216947335
2.4457519796168263,4.80126400243834,-14.104394812534064
0.1292211819752275,1.8549961478728854,-5.230818199259616
0.10939479460489289,0.3681660433926289,-1.4715850295671347
0.725766623898692,1.0756377227497917,-3.1859153900425947
0.4810092317367132,0.7488396653706548,-2.017878793804344
0.22388402427913137,1.02199090315664,-2.3380615483965372
-0.7904744554453119,-1.5243137056217415,4.925194386777586
0.4714683571359957,0.2237977251133081,-0.2768648316521648
1.8820244964750337,4.2236634602376695,-12.629077066748327
1.3454200461549777,2.3567680495404586,-6.365074576019624
1.593186626639397,4.123022141387567,-12.164185026182952
-0.5112156764311852,-0.48240732000504605,1.016678004928353
-0.9896048202585809,-2.202870588346537,7.310296750102207
-0.12578692009964815,0.38893434066826016,-0.8178513857352667
0.055724912288694604,0.14537757984109084,-0.6576547500875136
1.0941915184709485,2.614769874503007,-8.084056107208642
-1.6924646297148194,-3.1425628507824013,9.575976324917585
1.5295503194606137,2.635922311425791,-7.67617453664358
-0.15800789857898942,-0.6377907133167098,2.0120182727657325
-0.42688106994742003,-0.33878173110425946,1.171999530034221
-1.0121043752601675,-2.1915964165736055,7.4247679370090065
-1.6548566718657693,-3.511537575352537,11.070384302175052
0.8231705839619146,1.1687798782491527,-3.4110218391149463
0.07331796718840389,0.3584354671735383,-0.6046511111368732
-1.2899608997410539,-1.5486593398605353,4.129716067817836
-1.295078772063616,-3.1239240012543688,9.57073552873651
-0.3357846992901282,-0.6594596702438774,2.8830321855981875
1.669021525289393,4.044153328286501,-12.241482932555689
-0.2595913513636048,-0.5590033983500672,1.253193230740659
-1.5031429531181062,-2.7801000081113454,8.014255580037506
-0.24574306408594432,-1.0226828922453284,2.5232321580647907
-0.2727235697476705,-0.33129359089151666,0.6014998186106983
-2.6968866429415717,-5.487345418385417,16.276782205861238
-0.05429486651781221,0.38427526480430707,-1.8556093040022423
-0.23093453020867796,0.13182396536501967,-0.38766272912025745
0.6962063648134184,2.6871945506361437,-7.610445065015108
1.8489560949453452,3.987728776497478,-12.417064419565893
1.1265650295477574,2.416028217386598,-6.488442690338909
-0.26888869055483056,-0.4405852303209931,1.5771517352267765
-1.1065259087416703,-2.389634963888685,7.684195184478083
2.5733598032498604,5.315961528230567,-16.27680186161777
0.05921843401448826,-0.0292638370405382,0.5150541246549225
0.013929291912946203,0.11208907196069955,-0.8822341660797551
-0.024125087110003277,0.6105485935839733,-1.3865220303336656
0.19808476076785494,-0.10710176110411068,0.4072249532090977
-0.14436041192394247,0.28121845671663775,-0.5670297601575214
-0.5736620068802363,-0.4887664800905399,0.878502137459194
-0.5468589412403921,-1.1527521459763237,3.0107215167906687
-0.03275327021599839,-1.126433989936294,3.6779160789355743
-0.543424771133765,-1.3907605358147461,3.6981076053321384
-0.7128457826771644,-0.7771942920737741,2.5631860222708838
0.10643022769189683,0.2014264242343526,-1.2878481759331808
-0.2549772174208553,-1.009605550989166,3.452903759300832
1.5039929885826886,2.7555985165512684,-8.88305720703806
-2.650969808393012,-4.881629603533748,14.921038779441005
1.0915068519224618,2.456380487945613,-7.056325997013839
1.246085192497629,2.372704335410411,-7.466498915446021
-2.0733902324081495,-4.330192670723643,13.281591295713293
-0.34268759408034877,-0.8812542626826085,2.773983919714604
-0.37144086599579146,-1.2040868242408342,3.3428395446261336
-1.4075116947178212,-2.0073355447009216,5.517729292064661
-0.7778166875908753,-1.7167936097874206,4.169067983525972
-1.1105758454658288,-1.6125724305189093,5.0125423152065745
1.7522704434236227,4.265198912808471,-13.57799812410644
0.9356783931474612,2.3705122353689023,-7.063864606386052
1.2715550949941588,2.3273000336292933,-7.1136242089290045
0.7216720640432351,1.645209173254775,-4.596056132045226
-1.1290517712172292,-2.2702013456299164,6.6595812871448175
-0.5245202662797737,-1.5008914629246113,4.337950495600288
0.48937456122791806,1.1409287633166376,-3.056850937805765
-1.2221278088919454,-3.033775513363792,9.268855554633433
0.7129984301723881,2.019836554575558,-5.901431685135285
-0.24032539815813503,-0.7129594449654666,2.3735121298006625
-0.3748208075495975,-0.6490617871627754,1.179399299884773
0.7109599682034915,1.563563872180054,-4.312297276546671
0.44426331148603976,0.7590741361200408,-1.9709880113533216
-0.3609661658190799,-0.4285854309005225,0.7774147284133189
1.159329803364248,2.081207778417234,-6.365663572088802
-1.0810633275998973,-1.7264780064711727,5.159780375599703
0.6159356069442637,0.5588813737651532,-1.7438925134963261
0.5931012579683838,1.2493923057099734,-3.581246933845653
-0.3095464393139903,0.3503716209011618,-0.3354314717878937
0.326133022242118,0.1521003821814486,0.0845822172920685
-1.251113576385303,-2.8410996380330316,7.8671893173833904
0.924027019206901,2.1050079632432595,-6.003988894576754
-0.18490213644298903,-0.2800133819161791,1.504506805516242
-0.5227230205190395,-0.8701309914012995,2.8037972345484996
1.0490092258368893,2.3426120167476103,-6.482345837649848
-0.7043436905427592,-1.0913266468046334,4.280115163264282
-1.4084612963635597,-2.262072671749008,7.298072788300514
-1.5566291735239037,-2.908349018583551,8.849701353571518
0.6060099513456396,1.091391075382008,-2.751628989103647
-1.280429352496283,-2.2245718543912005,6.746159479722047
1.7547941819843647,4.459529331416337,-13.366636472606531
-2.081929407883722,-4.230175688958731,12.514819949019326
1.6964563682900382,2.905648084244756,-7.935237573318213
0.2110174672026184,0.9755752690487232,-3.33594014011717
-0.09671311187039239,-0.2536168057175839,1.5270342794918097
-0.5449190868089497,-2.1761729466249173,6.778450901744938
0.39913611435207086,1.2219830672793526,-4.365602289239028
-0.037634702424848364,-0.3429334978266581,1.212625139975685
1.1033018820165215,2.1613371228809624,-7.534024622468699
0.11422764866203965,0.3944454626085866,-0.8705823794102419
0.1503017614618776,0.3958533628132884,-0.7449443469453696
-0.36361221221385587,-0.372498515858192,0.8213175697485493
-0.056945623721067457,-0.3316344327270566,1.056677146158961
0.3078017688920592,0.8721564368721597,-1.639390593741336
-1.7101683926566256,-3.5501101241052098,10.39745702018466
-1.348185422105713,-2.3269656037676745,6.451443017774723
0.743264094022715,1.7942119300519566,-4.64180408892457
0.17086543812794186,-0.12598847476641395,1.3592590195646392
-0.18398333635267913,0.17502438538215787,-0.52322532022255
0.01843393306539316,-0.2311138564262377,1.1990730869828912
0.34758170536167105,1.0991923098639147,-2.6268389718263037
-0.5397596803093615,-0.8958757039180527,2.316384995484966
-0.7783047254023127,-0.6375176124070641,1.669899919537258
0.19584525509768155,0.27995751900943705,-0.22443530045094373
-0.978372777615032,-2.131403953289163,7.236718999221743
0.40825275571447184,0.8067957084850774,-2.138946695368055
-1.7025836042378404,-3.5567570998928186,10.230364122927428
1.0291556373256436,2.4582822256223125,-6.381316121017217
0.472597482413043,0.13703966060779205,-0.6766044307293584
0.25602973431387566,-0.014781740945425725,-0.1232236677494487
0.9826909839455139,1.4314805071014312,-4.1232726040594825
1.6654744444625766,3.806102684911941,-10.641227844378436
1.0143700650181304,2.8840468163272233,-8.225152460705557
-1.8408742313316453,-3.7339730719320263,11.409351965977033
-1.2795769667357015,-2.6435647950664083,8.162338650258278
-0.6248185776956788,-1.214611073834767,3.665590555826034
0.026091050210833786,0.6331212517257628,-1.6202939979180353
0.517659020469123,0.571641473842959,-2.9797044603760288
-0.7257438131534656,-1.3323031349395387,3.848605675283717
0.18676676447707832,0.8611323438453715,-2.462736064077724
-0.7553829323533225,-1.2602187797367224,3.2051492974004137
-0.6115178029919482,-1.1282447976845247,3.577896051959354
-1.4066610968482223,-2.312799147412874,6.836161831745561
-0.9232332461109043,-3.198082638721427,10.471985765322026
-1.3516846056163336,-2.3644315514672134,7.8798045170090685
-0.9758732529773327,-2.2787843475183776,6.603450257996052
1.0536417966078395,1.1919671447874505,-3.651320290145699
-0.949398888831943,-1.6431964779013957,4.892615650899991
2.632382064837391,5.95159340225626,-18.08060994484859
0.4933179008808892,0.9179115444479325,-2.656222141329734
0.1848361236948739,0.8461095209912173,-2.9174695974174467
-0.8583577801812136,-0.9105764313681044,2.16642162663555
0.7003098794089914,2.0580769856100063,-5.862875344879885
-0.5756378262377739,-0.3312933877898514,1.3086449554804596
0.12200981464536144,0.615083374826669,-2.247408004310003
2.5600845382687947,5.157885895988386,-15.025979972583858
-0.09605989972464987,-0.993102705397884,2.6635192516109862
1.1492733262856758,2.1755154085063775,-6.399963606500141
-0.7031764251258874,-1.8279761479098706,5.89410045003584
-0.0349884904969617,1.0154943777549834,-3.063289415616807
1.77080063563551,3.4536583650548516,-10.133604639093988
-0.6269670577877674,-1.192331712183292,3.31878031460609
1.8124485579969287,3.9006398040140913,-11.800152703756323
0.7077519354554754,1.4373050940971777,-4.414844997731703
-0.5624667758942676,-0.27740803157315874,0.45893492144935677
0.632407739055521,0.9534907972438159,-2.948859473289339
0.9725544496267299,2.042412626872081,-6.901547030048117
0.6218099622171964,0.8723846315853687,-2.8627307683271583
-1.5702247198904564,-3.8004606953912656,11.258944339488961
-0.7271371758248686,-1.7601588971023798,5.15238681505945
-0.24751863555150475,-0.5135556696272155,1.4199182859462571
-0.07443342910004629,-0.3635179704587226,1.0596718114461032
0.620672097550678,0.8951337051644279,-2.445680356450252
0.17770100093325383,-0.34775672996940926,1.4805287269744891
-1.3353443587101013,-2.7122415037345498,7.811841897779516
0.3801978510059632,0.008035514996425297,-0.6257069726838481
0.6105857452838231,1.6011994724124476,-5.324620623358894
0.5597904479310398,1.1608007723293312,-3.7260037775854573
1.0807807255546218,1.4327857013767784,-4.474317763038591
0.8339221545489041,1.5132397705728764,-4.924717344817358
0.4591800792284367,0.5422819556615818,-2.2749041991096925
-0.07016571145864703,0.01925583229229616,-0.2858279106139826
-1.6609609335159914,-2.6516966440204106,8.045803242118218
0.42961821913258585,-0.07834979655770058,0.5325641225908841
0.20768768716311115,0.47288841389993086,-1.6973767682539531
0.27157883719537346,0.4630912766074267,-1.5957727408939972
-1.2767485758203094,-2.217827113415386,6.190132185822503
-1.0810565404082624,-2.05551476669768,6.150824714905652
1.0531528533329035,1.7303210407963976,-5.6151774394846
-0.03955515385665504,-0.23863727554661918,1.0024757332604577
0.6815006973726244,0.9649884663435043,-3.7878986449975685
0.028318376130461172,0.5946403215602215,-1.9637358009068957
0.02975613949574519,0.07016810332746148,-0.059950640386513404
0.9382838059759977,2.8271629548284993,-8.389571606324246
-0.5160447282173739,-1.0624198633420583,4.533776422016423
0.09612077694098337,-0.16196182957326466,0.6607855010037478
-0.4622752887050425,-1.6814077737164985,4.54219602272849
-0.4344962274323156,-1.7705622929926037,5.263954755433275
-0.30917212346863937,-1.4104122184400236,3.3431134885868454
0.22213377163371284,0.5778308687731674,-1.7737924809678827
-0.4787486216634773,-0.7031347317119877,1.6928761666355836
1.2557561255735208,1.720916900130975,-4.705055562612844
-0.8946073022195039,-1.3416954474009501,3.7503162049050833
-0.18687164416135904,-0.6152738141644378,1.78743848459569
-0.4397310582741749,-0.8060656105555751,2.1004179109645236
1.4469778843537329,3.700066082835178,-10.230772572578868
0.19655477651157463,0.8415292109559152,-2.6852090159267012
1.0318445394686349,1.9294237549843536,-4.871992743213459
-1.485560373036972,-3.4167168587815877,10.657226457403898
0.26705026586925884,-0.5418071689261348,1.8664548704460975
0.889630795623437,1.4196849316256641,-4.074688221218233
0.08228398927542419,0.05900285913700115,0.019890071697122313
1.0654803750653512,1.6373709865551105,-5.875949249338136
-0.5172884501003722,-1.1002053837468968,3.161174454165312
1.40934744018558,2.8571208218505437,-8.148783479959471
2.2988981236192503,4.4853682563344615,-13.480553360740439
-0.36283856043965906,-1.0506784112910479,2.4494403104713562
-0.4455025214007718,-0.8066777068181797,2.3938308951658045
1.453384477117701,3.127739279020106,-8.531165078932572
1.5795721457307124,2.613944752740002,-7.218388400452646
-0.5228600271532683,-0.34025386443340155,0.9897595886171889
-0.42018681709585726,-0.8896677003338453,3.1447277395305795
-0.2817846088605072,-0.5541444062485906,1.479179708561746
-1.344450511034277,-2.3347938104402757,6.1524456379074675
-0.9186519464841982,-1.7206958273366457,4.69985448794516
-1.0041407667520679,-1.5317132165475131,5.376584033896639
-0.7677975651041284,-1.3920330476073448,4.0391026019073815
-0.03468488738678118,-0.37558846209378133,1.005073396593835
0.23421473253652075,0.6491812276760923,-2.097462781165717
1.5505004928140769,2.5291378819678227,-6.635345351116965
-0.998354040738791,-1.9424282285893204,6.640264143448993
0.9843223984765838,1.9520298016309372,-4.746699288168744
-0.21398884422550896,-0.5320361170872878,1.5165857460618377
-0.04946370965243295,-0.16319617502433126,0.6374007694465413
0.6748194921666038,0.40871446158438796,-1.9844646594635595
-1.1227220215622986,-2.519806496995078,8.297886704044371
0.3824097461840506,0.8112419429386586,-3.017615604449943
0.1664522082130561,0.4128326124248124,-1.1301100553931225
0.4924512640081491,0.4710649575533191,-1.9618461364763795
0.2891686439078181,1.2111912082479865,-3.928007038113308
2.4553001399108942,4.477512855714538,-13.851169782668466
-0.637739984251316,-0.7907513682392635,2.068316474379882
-0.5309969550018176,-0.8483967290677928,2.275628835628889
-0.6231405264247644,-1.5693947077714303,4.434049725851753
-0.5554771191602547,-0.2232987920157533,1.0865633319374135
-0.6373871273065177,-1.8715926704912755,5.062346614942567
1.1890165311075518,2.8376101490201044,-8.40255973355338
1.4205042479898549,3.341299655001199,-9.414919388850818
-0.5707462937494763,-1.476802692037275,4.173809893855127
-0.8323555731042287,-0.968478496176293,2.546476043155078
0.4714155563864041,0.8178078554733318,-2.5686858790101206
-0.5522230442809712,-0.960099273922014,3.470160425946397
0.6329318177555108,1.396024554896632,-4.091019849213216
0.2029230208512997,0.3386916709673255,-1.2816821602057757
-1.515744114997232,-2.6260840934145726,8.120190605837738
1.5475052013300616,3.49175476293623,-11.026410363726901
1.7958776730955217,2.717489359571953,-7.811788323494385
-0.6127886904843862,-0.5734072595296962,1.9245254324399723
-0.38770155993598415,-1.6066491138898056,4.666043106099975
0.28586539072490497,1.0880038836206385,-3.683304550085531
0.334456789987025,1.2322661483878417,-4.140138906305253
0.6585442726728304,0.7716053302380618,-2.04740732254123
2.0102045387663496,3.815001933555407,-10.830515549421689
-0.1769472274940494,-0.9067467892310667,2.4015864941788023
-0.7982972445384537,-1.7040550042212752,5.341358364439568
-1.3793192280145272,-2.912655598121925,7.694453285064741
-0.7309300399419191,-1.0720298137491682,2.923780575918905
-0.033126972873797095,0.58890042731221,-1.7822307483720812
1.7945578635177877,4.286957632430553,-13.315714605782578
-0.5176112990361714,-1.3163066113614939,3.4806666466896834
0.2237879516388985,0.3429649664055331,-1.3627846774510424
-0.016422896072752075,-0.8745648882559793,2.7697910289311247
1.188393273448084,1.9738515136480737,-6.015219050147409
2.5269324258736217,5.5362906682959725,-17.727987621550405
-0.5308687729203206,-0.25394613406652544,-0.29851167411795676
-0.48943944251822213,-1.5960533209764054,4.484727374000628
1.044160877069072,1.7920896245616968,-5.1474255806583145
0.6818914896263114,1.3505801007731593,-5.425492723682095
1.8467073257360336,3.8334952308818706,-11.750350780721426
0.5839281853259639,0.7630546106911047,-2.5522877603320246
-0.35929209078705954,-0.5065536593420742,2.2138298671304466
0.5906548306923093,0.9443899878491605,-3.0256808694039137
1.1087035805829077,2.210181025726676,-6.439048584809563
0.820482181197364,1.914106486396578,-5.671690889146002
0.5072740311072977,1.0177591971200644,-4.118560831263793
1.066674689589154,1.9151564339150235,-5.361365693429202
1.1692955904456728,2.2837862789284302,-6.743660584057147
1.3821589910375272,2.7201365024723865,-7.906275187579865
0.6487098875896427,1.1124142602382214,-1.374123927496501
-0.16711808031685435,-0.46363419196725986,0.34884610615248546
0.14671368643332283,1.0927509581190042,-2.4159045494764584
1.2065089665083568,2.693477656987333,-8.224156730662177
-0.8169356709872361,-1.7816115009890523,5.488498955168661
0.3686733088729012,1.08582382000117,-3.280227582654131
-0.3933388123273607,-0.9535873695327264,2.648643941899157
0.028744822934817487,0.6440519646629557,-2.2170723581082465
1.2784518626072987,2.7417248213136443,-8.060420096154429
0.19109906801990334,0.32854706403769224,-1.7442280404489163
0.04643654815614881,0.31673155921743645,-0.5749050938914266
-1.3598561409799192,-3.505150357994088,10.307353871539638
0.7462535660272207,0.9291233975995388,-3.352404862318795
0.6454841811410754,0.6940058590826231,-2.3070240062457765
2.16325472330546,4.397980993992774,-12.565368373547035
-0.30777823495300083,0.2507010298365443,-1.0197706330177445
0.21915032766393897,1.553950728424194,-4.482625376167772
0.24938368371075526,0.817792918141889,-2.818856892283404
1.5774532797634744,3.4053287969991772,-9.837025466035723
-0.0952955323869521,-1.0911199318502738,3.6161136649459236
0.27902152577033923,0.2867061516736676,0.06418596162720291
0.6078965097165392,0.8219011434789589,-2.5534854031864844
0.1866091231563581,0.06279444718715821,0.14594406081747868
-0.44643361455052827,-0.9769391383934514,2.9798511849498266
0.19408999289830758,0.15213469694805148,0.1915318000873527
1.073631749859772,1.1576135945316501,-3.8322569773993154
-1.0265152994110602,-1.6790754707633535,5.4097290687287005
0.132969674146876,-0.27043216457615127,0.7139478456701129
-0.7001208149391732,-1.2806181978227718,3.8097605049140664
1.1950466289248425,3.4271345927246717,-10.235527535949828
-1.5231869047837747,-3.506066105360761,10.644318514295623
-0.5589218472715883,-2.3829874559163415,7.090847846188046
0.37721187506452086,0.6114216391889863,-1.7269083259816957
1.5655240292343404,3.6815278759679666,-10.255524599122808
-0.0657502610729878,0.8476732049643213,-2.050294772085355
-0.5551995266931984,-1.725173850612605,5.610098848086263
1.8811570694405901,4.010663750499441,-12.259761014510259
-1.448013900416244,-3.1286830292225147,8.941428673553382
-2.198805956620082,-4.450586090392232,13.829408550295572
0.4400144500533324,2.2022005736151824,-6.1685783245806505
-0.5020542243526112,-1.755593612902799,6.003116176583887
-1.0212328171307132,-1.9155958035141398,5.444797097557804
0.7083564472993533,1.6505594804814232,-5.066452769124443
0.24380071377119883,1.0304945900120712,-3.911225851298931
-0.5640786307367284,-1.0791656847380091,3.041261501183591
-1.2803043986708944,-2.4065835275897376,7.7180358380589364
0.8724573282801447,1.5490903728493937,-4.88051880816228
0.650201177958661,1.4349658265398755,-3.9846575820192145
-0.09917586377938291,-0.36994786530747104,1.0145920429235074
1.8466369960476658,4.004059937023357,-11.850151296959293
-1.0700847663261526,-2.324974700674122,6.4010784071145315
-1.5255251709247388,-2.8625001448983842,8.630105159512103
-0.6919080698812444,-1.398447546604978,2.699774654364572
-0.045586016355497805,0.47185309267508846,-1.5090073571062579
0.24333944932269183,0.46098203685114053,-2.1981827324109915
-0.24123605785632987,-1.3689883498161004,4.709962307721709
0.3520553965142968,1.3350715433855895,-3.6165109537745126
-1.251539424190444,-2.9559449988121975,9.101170487419633
1.4437646040732595,2.560646038822109,-6.921435002886637
-0.0821511783925688,-0.46213300380688366,0.9119407510082325
1.1172958315881276,2.921810709761664,-7.891750530327213
0.34272534637770413,-0.3823864142339395,1.6132550248320108
0.4567532191537839,2.482380705137565,-7.565419759022167
0.5697672802322039,1.6675629649974337,-4.4348788214008295
0.44770856001731496,1.0070365770992098,-3.5742564875034466
0.6427227598675439,1.2579985194269445,-4.18625263904467
1.3291525301324314,2.8010820976936914,-8.707541154700925
0.19652116970147013,0.6536035535926095,-2.2252995148098362
0.7090037575885123,1.7406153081520532,-5.7501247458362865
-0.08973569428722672,0.0983308444272708,0.3165490002658501
1.4401172154494728,2.92502477152657,-8.904501514764625
-0.6763923020592697,-1.4514538142722024,4.530613926995047
1.8009404329108156,3.5262442239948752,-10.863908355191466
-0.04015795064434341,-0.17777004146502734,-0.3769915258791766
-1.4307751021180481,-2.294665155802564,7.019024146603403
0.12810441491078928,0.5529871909620094,-2.615089060595917
-0.6810516574748808,-2.832297632281902,8.462575873802972
0.8406435489887241,2.009237486242329,-6.711869978143391
-0.6526239793023909,-1.2078798612453945,4.617277583351588
-0.4461834332147797,-0.9017212446525081,3.160845095044885
-1.889540730945531,-3.973340688435505,11.972898960942256
-0.4523063192490767,-0.3425562785051467,1.6595221743427744
-2.4238793266289567,-4.373995422196485,12.698828277856586
-1.5839028234857233,-3.554244480883251,10.934473131984799
0.7604146561442974,1.7243554558508623,-5.07316115069323
0.7858001586508322,1.0857719500310214,-3.1253058094262296
0.42545756178496474,0.16110604117546423,0.15285862652699123
-0.966976143129213,-2.2473108985534087,7.108178747050128
-0.047711356141979855,0.33577402390741967,-0.8629602403097474
-0.0036025390905684044,0.46935744450690653,-2.2355160516348676
-1.1583646891925428,-2.060186668336439,5.700536857369586
1.5033983017671506,3.3693444969582997,-10.169387957672761
0.8773622905756714,2.012813724708822,-5.9917549869881395
-0.22096417382966393,-0.762669145270804,1.72290557347545
0.02688583899453078,0.2697329503260319,0.39663948681111494
0.20838280794755248,0.8169703785089462,-1.6927141079000518
-2.0417348684242906,-3.7063240719417943,11.420031376021626
-0.24717738252059693,0.10010192069612761,-0.26428733144651045
-0.6819842479977986,-1.0098165723950652,2.9233452322346194
-1.0016200098949155,-1.8275159160190395,5.006588518046001
-0.2811002928859549,-0.02712546661369608,0.12011665910051951
1.7976865268495226,3.582112424074515,-10.61746100215217
0.6408428612670098,0.8407483969201608,-3.1431254785012945
-0.5711789897827968,-1.2238914615374756,3.8387625932348755
0.5725827813561586,0.7727142403090926,-2.395772245339652
